{
  "project_info": {
    "project_number": "1066159734543",
    "project_id": "green-club-6203d",
    "storage_bucket": "green-club-6203d.firebasestorage.app"
  },
  "client": [
    {
      "client_info": {
        "mobilesdk_app_id": "1:1066159734543:android:44b1b7314a210cd0dd887a",
        "android_client_info": {
          "package_name": "com.example.greenclub3"
        }
      },
      "oauth_client": [],
      "api_key": [
        {
          "current_key": "AIzaSyBr9TZ81Nn9qg7lftTrKfyzdbpfW6qn2k8"
        }
      ],
      "services": {
        "appinvite_service": {
          "other_platform_oauth_client": []
        }
      }
    }
  ],
  "configuration_version": "1"
}